1.000000000000000000e+00,-1.000000000000000000e+00
8.800000000000001155e-01,-8.000000000000001554e-01
7.600000000000002309e-01,-6.000000000000000888e-01
6.400000000000002354e-01,-4.000000000000001332e-01
5.200000000000002398e-01,-2.000000000000001221e-01
4.000000000000001332e-01,-8.326672684688674053e-17
2.800000000000000822e-01,2.000000000000000389e-01
1.600000000000001976e-01,3.999999999999999667e-01
4.000000000000053513e-02,5.999999999999996447e-01
-7.999999999999944655e-02,7.999999999999996003e-01
-1.999999999999996503e-01,9.999999999999997780e-01
-3.199999999999997291e-01,1.199999999999999734e+00
-4.399999999999996692e-01,1.399999999999999689e+00
-5.599999999999998312e-01,1.600000000000000089e+00
-6.799999999999999378e-01,1.800000000000000711e+00
-7.999999999999998224e-01,2.000000000000000888e+00
-9.199999999999999289e-01,2.200000000000000178e+00
-1.039999999999999591e+00,2.400000000000000799e+00
-1.159999999999999032e+00,2.600000000000000977e+00
-1.279999999999999138e+00,2.800000000000000711e+00
-1.399999999999999689e+00,3.000000000000001332e+00
-1.520000000000000018e+00,3.200000000000001066e+00
-1.640000000000000790e+00,3.400000000000002132e+00
-1.760000000000001119e+00,3.600000000000001865e+00
-1.880000000000000782e+00,3.800000000000000711e+00
-2.000000000000000444e+00,4.000000000000000000e+00
-2.120000000000000551e+00,4.200000000000002842e+00
-2.240000000000000657e+00,4.400000000000003908e+00
-2.360000000000001652e+00,4.600000000000006750e+00
-2.480000000000001315e+00,4.800000000000007816e+00
-2.600000000000001421e+00,5.000000000000008882e+00
-2.720000000000001972e+00,5.200000000000009948e+00
-2.840000000000002078e+00,5.400000000000011902e+00
-2.960000000000003073e+00,5.600000000000012967e+00
-3.080000000000003624e+00,5.800000000000014033e+00
-3.200000000000004619e+00,6.000000000000015987e+00
-3.320000000000004281e+00,6.200000000000015277e+00
-3.440000000000003944e+00,6.400000000000015454e+00
-3.560000000000004494e+00,6.600000000000014744e+00
-3.680000000000004601e+00,6.800000000000014921e+00
-3.800000000000004707e+00,7.000000000000014211e+00
-3.920000000000004814e+00,7.200000000000014388e+00
-4.040000000000004476e+00,7.400000000000014566e+00
-4.160000000000003695e+00,7.600000000000015632e+00
-4.280000000000004690e+00,7.800000000000012257e+00
-4.400000000000006573e+00,8.000000000000014211e+00
-4.520000000000007567e+00,8.200000000000018829e+00
-4.640000000000008562e+00,8.400000000000021672e+00
-4.760000000000009557e+00,8.600000000000024514e+00
-4.880000000000010552e+00,8.800000000000027356e+00
-5.000000000000010658e+00,9.000000000000028422e+00
-5.120000000000011653e+00,9.200000000000029488e+00
-5.240000000000012648e+00,9.400000000000030553e+00
-5.360000000000013642e+00,9.600000000000035172e+00
-5.480000000000011084e+00,9.800000000000029132e+00
-5.600000000000010303e+00,1.000000000000002487e+01
-5.720000000000009521e+00,1.020000000000003126e+01
-5.840000000000012292e+00,1.040000000000003411e+01
-5.960000000000012399e+00,1.060000000000003162e+01
-6.080000000000012506e+00,1.080000000000003268e+01
-6.200000000000013500e+00,1.100000000000003375e+01
-6.320000000000014495e+00,1.120000000000003482e+01
-6.440000000000015490e+00,1.140000000000003588e+01
-6.560000000000014708e+00,1.160000000000003517e+01
-6.680000000000019256e+00,1.180000000000003979e+01
-6.800000000000023803e+00,1.200000000000004441e+01
-6.920000000000025686e+00,1.220000000000004370e+01
-7.040000000000023128e+00,1.240000000000003766e+01
-7.160000000000025011e+00,1.260000000000003872e+01
-7.280000000000026894e+00,1.280000000000003979e+01
-7.400000000000027001e+00,1.300000000000004086e+01
-7.520000000000026219e+00,1.320000000000003837e+01
-7.640000000000026326e+00,1.340000000000003944e+01
-7.760000000000026432e+00,1.360000000000004050e+01
-7.880000000000028315e+00,1.380000000000004157e+01
-8.000000000000030198e+00,1.400000000000004263e+01
-8.120000000000029416e+00,1.420000000000004192e+01
-8.240000000000030411e+00,1.440000000000004121e+01
-8.360000000000029630e+00,1.460000000000004228e+01
-8.480000000000030624e+00,1.480000000000004334e+01
-8.600000000000029843e+00,1.500000000000004263e+01
-8.720000000000030838e+00,1.520000000000004370e+01
-8.840000000000030056e+00,1.540000000000004299e+01
-8.960000000000032827e+00,1.560000000000004050e+01
-9.080000000000033822e+00,1.580000000000003446e+01
-9.200000000000031264e+00,1.600000000000002842e+01
-9.320000000000030482e+00,1.620000000000002771e+01
-9.440000000000031477e+00,1.640000000000003055e+01
-9.560000000000034248e+00,1.660000000000003695e+01
-9.680000000000035243e+00,1.680000000000003979e+01
-9.800000000000036238e+00,1.700000000000004974e+01
-9.920000000000037232e+00,1.720000000000005258e+01
-1.004000000000003645e+01,1.740000000000004832e+01
-1.016000000000003745e+01,1.760000000000004050e+01
-1.028000000000003666e+01,1.780000000000003624e+01
-1.040000000000003766e+01,1.800000000000003197e+01
-1.052000000000003865e+01,1.820000000000002771e+01
-1.064000000000003965e+01,1.840000000000002700e+01
-1.076000000000004064e+01,1.860000000000002629e+01
-1.088000000000003809e+01,1.880000000000002913e+01
-1.100000000000003730e+01,1.900000000000002842e+01
-1.112000000000003830e+01,1.920000000000002771e+01
-1.124000000000003752e+01,1.940000000000003411e+01
-1.136000000000003674e+01,1.960000000000003695e+01
-1.148000000000003951e+01,1.980000000000004690e+01
-1.160000000000004405e+01,2.000000000000006040e+01
-1.172000000000004860e+01,2.020000000000007390e+01
-1.184000000000005315e+01,2.040000000000008384e+01
-1.196000000000005592e+01,2.060000000000009379e+01
-1.208000000000005514e+01,2.080000000000010374e+01
-1.220000000000005613e+01,2.100000000000010658e+01
-1.232000000000005713e+01,2.120000000000010942e+01
-1.244000000000005635e+01,2.140000000000010871e+01
-1.256000000000005556e+01,2.160000000000010090e+01
-1.268000000000005301e+01,2.180000000000010374e+01
-1.280000000000005045e+01,2.200000000000011013e+01
-1.292000000000004789e+01,2.220000000000009521e+01
-1.304000000000004533e+01,2.240000000000009095e+01
-1.316000000000004277e+01,2.260000000000008669e+01
-1.328000000000004377e+01,2.280000000000008598e+01
-1.340000000000004121e+01,2.300000000000008527e+01
-1.352000000000004043e+01,2.320000000000008455e+01
-1.364000000000004142e+01,2.340000000000009095e+01
-1.376000000000004597e+01,2.360000000000009734e+01
-1.388000000000005230e+01,2.380000000000009308e+01
-1.400000000000005329e+01,2.400000000000008882e+01
-1.412000000000005251e+01,2.420000000000008811e+01
-1.424000000000005173e+01,2.440000000000008029e+01
-1.436000000000005272e+01,2.460000000000007248e+01
-1.448000000000005016e+01,2.480000000000006111e+01
-1.460000000000004583e+01,2.500000000000005329e+01
-1.472000000000004327e+01,2.520000000000005613e+01
-1.484000000000004071e+01,2.540000000000005898e+01
-1.496000000000003816e+01,2.560000000000006182e+01
-1.508000000000003915e+01,2.580000000000006111e+01
-1.520000000000004192e+01,2.600000000000007105e+01
-1.532000000000004647e+01,2.620000000000008100e+01
-1.544000000000005102e+01,2.640000000000009450e+01
-1.556000000000005556e+01,2.660000000000010090e+01
-1.568000000000006011e+01,2.680000000000010374e+01
-1.580000000000005933e+01,2.700000000000010658e+01
-1.592000000000005500e+01,2.720000000000009877e+01
-1.604000000000005244e+01,2.740000000000008740e+01
-1.616000000000004988e+01,2.760000000000007958e+01
-1.628000000000005087e+01,2.780000000000007887e+01
-1.640000000000004832e+01,2.800000000000007816e+01
-1.652000000000004931e+01,2.820000000000008100e+01
-1.664000000000005031e+01,2.840000000000008384e+01
-1.676000000000005130e+01,2.860000000000008313e+01
-1.688000000000005230e+01,2.880000000000008598e+01
-1.700000000000005329e+01,2.900000000000009948e+01
-1.712000000000005429e+01,2.920000000000009166e+01
-1.724000000000005173e+01,2.940000000000008384e+01
-1.736000000000004917e+01,2.960000000000007248e+01
-1.748000000000003240e+01,2.980000000000006821e+01
-1.760000000000002984e+01,3.000000000000007105e+01
-1.772000000000003794e+01,3.020000000000008100e+01
-1.784000000000004249e+01,3.040000000000008740e+01
-1.796000000000004704e+01,3.060000000000009024e+01
-1.808000000000004803e+01,3.080000000000009663e+01
-1.820000000000005258e+01,3.100000000000009592e+01
-1.832000000000005713e+01,3.120000000000009521e+01
-1.844000000000006168e+01,3.140000000000010161e+01
-1.856000000000007688e+01,3.160000000000011866e+01
-1.868000000000006722e+01,3.180000000000012150e+01
-1.880000000000006821e+01,3.200000000000012079e+01
-1.892000000000006921e+01,3.220000000000010942e+01
-1.904000000000006310e+01,3.240000000000011227e+01
-1.916000000000005699e+01,3.260000000000011511e+01
-1.928000000000004377e+01,3.280000000000011084e+01
-1.940000000000004121e+01,3.300000000000009948e+01
-1.952000000000003865e+01,3.320000000000009521e+01
-1.964000000000003254e+01,3.340000000000008384e+01
-1.976000000000002998e+01,3.360000000000008669e+01
-1.988000000000003098e+01,3.380000000000008953e+01
-2.000000000000002842e+01,3.400000000000006395e+01
-2.012000000000002942e+01,3.420000000000006679e+01
-2.024000000000002331e+01,3.440000000000006963e+01
-2.036000000000002785e+01,3.460000000000007958e+01
-2.048000000000003595e+01,3.480000000000008242e+01
-2.060000000000003695e+01,3.500000000000008527e+01
-2.072000000000004150e+01,3.520000000000008100e+01
-2.084000000000004249e+01,3.540000000000007674e+01
-2.096000000000004349e+01,3.560000000000005116e+01
-2.108000000000004448e+01,3.580000000000006821e+01
-2.120000000000004192e+01,3.600000000000005684e+01
-2.132000000000003936e+01,3.620000000000005969e+01
-2.144000000000003325e+01,3.640000000000006253e+01
-2.156000000000003425e+01,3.660000000000007248e+01
-2.168000000000003524e+01,3.680000000000008242e+01
-2.180000000000003624e+01,3.700000000000009948e+01
-2.192000000000004079e+01,3.720000000000010232e+01
-2.204000000000004533e+01,3.740000000000009095e+01
-2.216000000000004277e+01,3.760000000000010090e+01
-2.228000000000004022e+01,3.780000000000011084e+01
-2.240000000000004121e+01,3.800000000000012790e+01
-2.252000000000003510e+01,3.820000000000011653e+01
-2.264000000000002899e+01,3.840000000000009095e+01
-2.276000000000002643e+01,3.860000000000010090e+01
-2.288000000000002743e+01,3.880000000000011795e+01
-2.300000000000003197e+01,3.900000000000012079e+01
-2.312000000000003297e+01,3.920000000000011653e+01
-2.324000000000001265e+01,3.940000000000007674e+01
-2.335999999999999943e+01,3.960000000000004405e+01
-2.347999999999998622e+01,3.980000000000003979e+01
-2.359999999999997655e+01,4.000000000000004263e+01
-2.371999999999997755e+01,4.020000000000005969e+01
-2.383999999999997499e+01,4.040000000000006963e+01
-2.395999999999998664e+01,4.060000000000009379e+01
-2.407999999999999119e+01,4.080000000000011084e+01
-2.420000000000000284e+01,4.100000000000012079e+01
-2.432000000000001450e+01,4.120000000000015206e+01
-2.444000000000002615e+01,4.140000000000018332e+01
-2.456000000000001648e+01,4.160000000000018616e+01
-2.468000000000001037e+01,4.180000000000016769e+01
-2.479999999999999716e+01,4.200000000000015632e+01
-2.491999999999999460e+01,4.220000000000016627e+01
-2.503999999999998494e+01,4.240000000000017621e+01
-2.515999999999999659e+01,4.260000000000019327e+01
-2.527999999999999758e+01,4.280000000000021032e+01
-2.540000000000000568e+01,4.300000000000022027e+01
-2.552000000000000668e+01,4.320000000000023022e+01
-2.564000000000000767e+01,4.340000000000025437e+01
-2.576000000000000512e+01,4.360000000000026432e+01
-2.587999999999998835e+01,4.380000000000026716e+01
-2.599999999999998934e+01,4.400000000000027001e+01
-2.611999999999999744e+01,4.420000000000027995e+01
-2.624000000000000909e+01,4.440000000000028990e+01
-2.636000000000002785e+01,4.460000000000030695e+01
-2.648000000000002885e+01,4.480000000000030980e+01
-2.660000000000003695e+01,4.500000000000031974e+01
-2.672000000000003794e+01,4.520000000000032259e+01
-2.684000000000003539e+01,4.540000000000031832e+01
-2.696000000000003993e+01,4.560000000000034248e+01
-2.708000000000003737e+01,4.580000000000034532e+01
-2.720000000000003482e+01,4.600000000000034106e+01
-2.732000000000002515e+01,4.620000000000031548e+01
-2.744000000000002970e+01,4.640000000000031832e+01
-2.756000000000002359e+01,4.660000000000031406e+01
-2.768000000000002814e+01,4.680000000000031690e+01
-2.780000000000001847e+01,4.700000000000029843e+01
-2.792000000000001236e+01,4.720000000000030127e+01
-2.803999999999999204e+01,4.740000000000028990e+01
-2.815999999999998948e+01,4.760000000000030695e+01
-2.827999999999998693e+01,4.780000000000031690e+01
-2.839999999999999503e+01,4.800000000000032685e+01
-2.851999999999999957e+01,4.820000000000032969e+01
-2.864000000000000057e+01,4.840000000000033964e+01
-2.875999999999999091e+01,4.860000000000032827e+01
-2.887999999999998835e+01,4.880000000000032401e+01
-2.899999999999997868e+01,4.900000000000031264e+01
-2.911999999999999034e+01,4.920000000000033680e+01
-2.923999999999999488e+01,4.940000000000035385e+01
-2.936000000000000298e+01,4.960000000000037801e+01
-2.948000000000000398e+01,4.980000000000038085e+01
-2.960000000000000142e+01,5.000000000000036948e+01
-2.971999999999999176e+01,5.020000000000034390e+01
-2.983999999999998565e+01,5.040000000000032543e+01
-2.995999999999998664e+01,5.060000000000032117e+01
-3.007999999999998408e+01,5.080000000000030980e+01
-3.019999999999998153e+01,5.100000000000031974e+01
-3.031999999999997542e+01,5.120000000000032969e+01
-3.043999999999997641e+01,5.140000000000034674e+01
-3.055999999999998096e+01,5.160000000000037090e+01
-3.067999999999999261e+01,5.180000000000040217e+01
-3.079999999999999361e+01,5.200000000000041211e+01
-3.091999999999998394e+01,5.220000000000040075e+01
-3.103999999999997073e+01,5.240000000000038938e+01
-3.115999999999997172e+01,5.260000000000039222e+01
-3.127999999999997272e+01,5.280000000000038796e+01
-3.139999999999997726e+01,5.300000000000039080e+01
-3.151999999999998181e+01,5.320000000000039364e+01
-3.163999999999998991e+01,5.340000000000040359e+01
-3.175999999999999446e+01,5.360000000000040643e+01
-3.187999999999999545e+01,5.380000000000040217e+01
-3.199999999999998579e+01,5.400000000000036948e+01
-3.211999999999998323e+01,5.420000000000036522e+01
-3.223999999999998067e+01,5.440000000000036096e+01
-3.235999999999998522e+01,5.460000000000037090e+01
-3.247999999999998266e+01,5.480000000000037375e+01
-3.259999999999998010e+01,5.500000000000038369e+01
-3.271999999999995623e+01,5.520000000000036522e+01
-3.283999999999993946e+01,5.540000000000033964e+01
-3.295999999999992980e+01,5.560000000000032827e+01
-3.307999999999992013e+01,5.580000000000033111e+01
-3.319999999999991758e+01,5.600000000000036948e+01
-3.331999999999992212e+01,5.620000000000039364e+01
-3.343999999999991957e+01,5.640000000000039648e+01
-3.355999999999993122e+01,5.660000000000039222e+01
-3.367999999999995708e+01,5.680000000000040927e+01
-3.379999999999997584e+01,5.700000000000041211e+01
-3.391999999999999460e+01,5.720000000000041496e+01
-3.403999999999999915e+01,5.740000000000040359e+01
-3.416000000000001080e+01,5.760000000000040643e+01
-3.428000000000002245e+01,5.780000000000041638e+01
-3.440000000000003411e+01,5.800000000000042633e+01
-3.452000000000002444e+01,5.820000000000041496e+01
-3.464000000000001478e+01,5.840000000000040359e+01
-3.475999999999999801e+01,5.860000000000039222e+01
-3.488000000000000966e+01,5.880000000000041638e+01
-3.500000000000001421e+01,5.900000000000042633e+01
-3.512000000000000455e+01,5.920000000000043627e+01
-3.523999999999999488e+01,5.940000000000042490e+01
-3.535999999999999233e+01,5.960000000000040643e+01
-3.547999999999999687e+01,5.980000000000042348e+01
-3.560000000000000853e+01,6.000000000000045475e+01
-3.572000000000000597e+01,6.020000000000044338e+01
-3.584000000000001762e+01,6.040000000000044622e+01
-3.596000000000002217e+01,6.060000000000044906e+01
-3.608000000000003382e+01,6.080000000000044480e+01
-3.620000000000001705e+01,6.100000000000044054e+01
-3.632000000000000028e+01,6.120000000000041496e+01
-3.643999999999999062e+01,6.140000000000040359e+01
-3.655999999999998096e+01,6.160000000000039222e+01
-3.667999999999997840e+01,6.180000000000036664e+01
-3.679999999999996874e+01,6.200000000000036948e+01
-3.691999999999998039e+01,6.220000000000036522e+01
-3.703999999999997783e+01,6.240000000000036096e+01
-3.715999999999997527e+01,6.260000000000034959e+01
-3.727999999999995140e+01,6.280000000000033111e+01
-3.739999999999993463e+01,6.300000000000031264e+01
-3.751999999999996049e+01,6.320000000000031548e+01
-3.763999999999995794e+01,6.340000000000030411e+01
-3.775999999999993406e+01,6.360000000000027853e+01
-3.787999999999993861e+01,6.380000000000028848e+01
-3.799999999999992895e+01,6.400000000000027001e+01
-3.811999999999991218e+01,6.420000000000027285e+01
-3.823999999999990251e+01,6.440000000000028990e+01
-3.835999999999990706e+01,6.460000000000032117e+01
-3.847999999999990450e+01,6.480000000000033822e+01
-3.859999999999991616e+01,6.500000000000035527e+01
-3.871999999999992070e+01,6.520000000000035811e+01
-3.883999999999993236e+01,6.540000000000036096e+01
-3.895999999999992269e+01,6.560000000000036380e+01
-3.907999999999991303e+01,6.580000000000040927e+01
-3.919999999999991758e+01,6.600000000000042633e+01
-3.931999999999992212e+01,6.620000000000044338e+01
-3.943999999999994088e+01,6.640000000000046043e+01
-3.955999999999993832e+01,6.660000000000044906e+01
-3.967999999999994287e+01,6.680000000000046612e+01
-3.979999999999995453e+01,6.700000000000045475e+01
-3.991999999999994486e+01,6.720000000000047180e+01
-4.003999999999997073e+01,6.740000000000048885e+01
-4.015999999999998238e+01,6.760000000000052012e+01
-4.027999999999999403e+01,6.780000000000050875e+01
-4.040000000000000568e+01,6.800000000000052580e+01
-4.052000000000001023e+01,6.820000000000052864e+01
-4.064000000000002899e+01,6.840000000000054570e+01
-4.076000000000003354e+01,6.860000000000053433e+01
-4.088000000000006651e+01,6.880000000000050875e+01
-4.100000000000002842e+01,6.900000000000048317e+01
-4.112000000000000455e+01,6.920000000000047180e+01
-4.123999999999997357e+01,6.940000000000046043e+01
-4.135999999999998522e+01,6.960000000000050591e+01
-4.147999999999998977e+01,6.980000000000052296e+01
-4.160000000000000853e+01,7.000000000000056843e+01
-4.171999999999999886e+01,7.020000000000057128e+01
-4.184000000000000341e+01,7.040000000000058833e+01
-4.196000000000002217e+01,7.060000000000060538e+01
-4.208000000000003382e+01,7.080000000000062244e+01
-4.220000000000004547e+01,7.100000000000062528e+01
-4.232000000000005002e+01,7.120000000000057128e+01
-4.244000000000005457e+01,7.140000000000053149e+01
-4.256000000000004491e+01,7.160000000000050591e+01
-4.268000000000004235e+01,7.180000000000049454e+01
-4.280000000000003979e+01,7.200000000000049738e+01
-4.292000000000003723e+01,7.220000000000051443e+01
-4.304000000000002757e+01,7.240000000000051728e+01
-4.316000000000002501e+01,7.260000000000052012e+01
-4.328000000000000824e+01,7.280000000000049454e+01
-4.339999999999998437e+01,7.300000000000045475e+01
-4.351999999999997470e+01,7.320000000000044338e+01
-4.363999999999997215e+01,7.340000000000046043e+01
-4.375999999999996248e+01,7.360000000000046327e+01
-4.387999999999996703e+01,7.380000000000046612e+01
-4.399999999999997158e+01,7.400000000000045475e+01
-4.411999999999997613e+01,7.420000000000047180e+01
-4.423999999999997357e+01,7.440000000000047464e+01
-4.435999999999998522e+01,7.460000000000047748e+01
-4.447999999999999687e+01,7.480000000000048033e+01
-4.459999999999998010e+01,7.500000000000048317e+01
-4.471999999999995623e+01,7.520000000000045759e+01
-4.483999999999996078e+01,7.540000000000046043e+01
-4.495999999999997243e+01,7.560000000000047748e+01
-4.507999999999996987e+01,7.580000000000048033e+01
-4.519999999999996732e+01,7.600000000000048317e+01
-4.531999999999995765e+01,7.620000000000047180e+01
-4.543999999999994799e+01,7.640000000000044622e+01
-4.555999999999994543e+01,7.660000000000043485e+01
-4.567999999999994998e+01,7.680000000000043769e+01
-4.579999999999994031e+01,7.700000000000044054e+01
-4.591999999999994486e+01,7.720000000000044338e+01
-4.603999999999994230e+01,7.740000000000043201e+01
-4.615999999999994685e+01,7.760000000000044906e+01
-4.627999999999995140e+01,7.780000000000045191e+01
-4.639999999999995595e+01,7.800000000000046896e+01
-4.651999999999996049e+01,7.820000000000048601e+01
-4.663999999999996504e+01,7.840000000000050306e+01
-4.675999999999998380e+01,7.860000000000047748e+01
-4.688000000000000966e+01,7.880000000000049454e+01
-4.700000000000002132e+01,7.900000000000054001e+01
-4.712000000000001876e+01,7.920000000000057128e+01
-4.724000000000002331e+01,7.940000000000061675e+01
-4.736000000000002075e+01,7.960000000000061959e+01
-4.748000000000001819e+01,7.980000000000062244e+01
-4.760000000000000853e+01,8.000000000000059686e+01
-4.772000000000000597e+01,8.020000000000061391e+01
-4.783999999999998920e+01,8.040000000000058833e+01
-4.795999999999997954e+01,8.060000000000057696e+01
-4.807999999999995566e+01,8.080000000000055138e+01
-4.819999999999994600e+01,8.100000000000054001e+01
-4.831999999999993634e+01,8.120000000000052864e+01
-4.843999999999991957e+01,8.140000000000051728e+01
-4.855999999999990280e+01,8.160000000000050591e+01
-4.867999999999991445e+01,8.180000000000049454e+01
-4.879999999999994031e+01,8.200000000000049738e+01
-4.891999999999995907e+01,8.220000000000050022e+01
-4.903999999999996362e+01,8.240000000000051728e+01
-4.915999999999995396e+01,8.260000000000047748e+01
-4.927999999999995850e+01,8.280000000000049454e+01
-4.939999999999994884e+01,8.300000000000048317e+01
-4.951999999999996760e+01,8.320000000000050022e+01
-4.963999999999998636e+01,8.340000000000055991e+01
-4.976000000000003354e+01,8.360000000000063380e+01
-4.988000000000003809e+01,8.380000000000063665e+01
-5.000000000000004974e+01,8.400000000000065370e+01
-5.012000000000005429e+01,8.420000000000064233e+01
-5.024000000000005173e+01,8.440000000000063096e+01
-5.036000000000007049e+01,8.460000000000067644e+01
-5.048000000000004661e+01,8.480000000000060822e+01
-5.060000000000005116e+01,8.500000000000065370e+01
-5.072000000000006992e+01,8.520000000000067075e+01
-5.084000000000007446e+01,8.540000000000064517e+01
-5.096000000000007901e+01,8.560000000000060538e+01
-5.108000000000007645e+01,8.580000000000059401e+01
-5.120000000000009521e+01,8.600000000000062528e+01
-5.132000000000009265e+01,8.620000000000064233e+01
-5.144000000000009010e+01,8.640000000000065938e+01
-5.156000000000008754e+01,8.660000000000061959e+01
-5.168000000000006366e+01,8.680000000000055138e+01
-5.180000000000006111e+01,8.700000000000052580e+01
-5.192000000000005144e+01,8.720000000000050022e+01
-5.204000000000003467e+01,8.740000000000047464e+01
-5.216000000000001791e+01,8.760000000000044906e+01
-5.228000000000001535e+01,8.780000000000045191e+01
-5.240000000000000568e+01,8.800000000000041211e+01
-5.252000000000000313e+01,8.820000000000038654e+01
-5.264000000000000057e+01,8.840000000000036096e+01
-5.276000000000003354e+01,8.860000000000040643e+01
-5.288000000000005940e+01,8.880000000000046612e+01
-5.300000000000007105e+01,8.900000000000049738e+01
-5.312000000000007560e+01,8.920000000000045759e+01
-5.324000000000006594e+01,8.940000000000046043e+01
-5.336000000000004206e+01,8.960000000000043485e+01
-5.348000000000001819e+01,8.980000000000040927e+01
-5.359999999999999432e+01,9.000000000000038369e+01
-5.372000000000002728e+01,9.020000000000041496e+01
-5.384000000000003894e+01,9.040000000000040359e+01
-5.396000000000004349e+01,9.060000000000037801e+01
-5.408000000000002672e+01,9.080000000000032401e+01
-5.420000000000001705e+01,9.100000000000028422e+01
-5.431999999999999318e+01,9.120000000000027285e+01
-5.443999999999996220e+01,9.140000000000026148e+01
-5.455999999999995964e+01,9.160000000000029274e+01
-5.467999999999998550e+01,9.180000000000033822e+01
-5.479999999999999716e+01,9.200000000000036948e+01
-5.491999999999999460e+01,9.220000000000035811e+01
-5.504000000000002046e+01,9.240000000000034674e+01
-5.516000000000004633e+01,9.260000000000037801e+01
-5.528000000000006509e+01,9.280000000000038085e+01
-5.540000000000009095e+01,9.300000000000036948e+01
-5.552000000000010971e+01,9.320000000000038654e+01
-5.564000000000012136e+01,9.340000000000038938e+01
-5.576000000000014012e+01,9.360000000000040643e+01
-5.588000000000013756e+01,9.380000000000042348e+01
-5.600000000000013500e+01,9.400000000000042633e+01
-5.612000000000013245e+01,9.420000000000041496e+01
-5.624000000000015120e+01,9.440000000000044622e+01
-5.636000000000016286e+01,9.460000000000046327e+01
-5.648000000000015319e+01,9.480000000000043769e+01
-5.660000000000013642e+01,9.500000000000041211e+01
-5.672000000000014808e+01,9.520000000000040075e+01
-5.684000000000014552e+01,9.540000000000036096e+01
-5.696000000000014296e+01,9.560000000000032117e+01
-5.708000000000014040e+01,9.580000000000030980e+01
-5.720000000000015206e+01,9.600000000000031264e+01
-5.732000000000016371e+01,9.620000000000032969e+01
-5.744000000000016115e+01,9.640000000000034674e+01
-5.756000000000018701e+01,9.660000000000039222e+01
-5.768000000000020577e+01,9.680000000000036664e+01
-5.780000000000023164e+01,9.700000000000044054e+01
-5.792000000000022197e+01,9.720000000000044338e+01
-5.804000000000020520e+01,9.740000000000041780e+01
-5.816000000000019554e+01,9.760000000000039222e+01
-5.828000000000019298e+01,9.780000000000039506e+01
-5.840000000000017621e+01,9.800000000000039790e+01
-5.852000000000016655e+01,9.820000000000040075e+01
-5.864000000000016399e+01,9.840000000000040359e+01
-5.876000000000016854e+01,9.860000000000042064e+01
-5.888000000000016598e+01,9.880000000000040927e+01
-5.900000000000016342e+01,9.900000000000039790e+01
-5.912000000000015376e+01,9.920000000000037232e+01
-5.924000000000015120e+01,9.940000000000034674e+01
-5.936000000000012733e+01,9.960000000000032117e+01
-5.948000000000010346e+01,9.980000000000032401e+01
-5.960000000000008669e+01,1.000000000000003126e+02
-5.972000000000008413e+01,1.002000000000003297e+02
-5.984000000000007446e+01,1.004000000000003183e+02
-5.996000000000003638e+01,1.006000000000002217e+02
-6.008000000000001961e+01,1.008000000000001961e+02
-6.020000000000002416e+01,1.010000000000001847e+02
-6.032000000000000028e+01,1.012000000000001307e+02
-6.044000000000001194e+01,1.014000000000001194e+02
-6.056000000000001648e+01,1.016000000000000938e+02
-6.068000000000002814e+01,1.018000000000000966e+02
-6.080000000000001137e+01,1.020000000000001137e+02
-6.091999999999998749e+01,1.022000000000000597e+02
-6.103999999999996362e+01,1.024000000000000341e+02
-6.115999999999993975e+01,1.026000000000000085e+02
-6.127999999999993008e+01,1.027999999999999972e+02
-6.139999999999990621e+01,1.029999999999999858e+02
-6.151999999999991076e+01,1.031999999999999744e+02
-6.163999999999990109e+01,1.033999999999999773e+02
-6.175999999999991275e+01,1.035999999999999659e+02
-6.187999999999991019e+01,1.037999999999999545e+02
-6.199999999999992895e+01,1.039999999999999716e+02
-6.211999999999994060e+01,1.041999999999999886e+02
-6.223999999999993094e+01,1.043999999999999346e+02
-6.235999999999992838e+01,1.045999999999999375e+02
-6.247999999999991871e+01,1.047999999999999687e+02
-6.259999999999992326e+01,1.050000000000000000e+02
-6.271999999999992781e+01,1.052000000000000455e+02
-6.283999999999991104e+01,1.054000000000000625e+02
-6.295999999999989427e+01,1.056000000000000654e+02
-6.307999999999991303e+01,1.058000000000000682e+02
-6.319999999999993179e+01,1.060000000000001279e+02
-6.331999999999995055e+01,1.062000000000001734e+02
-6.343999999999995509e+01,1.064000000000002188e+02
-6.355999999999995964e+01,1.066000000000002217e+02
-6.367999999999994998e+01,1.068000000000001961e+02
-6.379999999999996163e+01,1.070000000000001705e+02
-6.391999999999995907e+01,1.072000000000001734e+02
-6.403999999999996362e+01,1.074000000000001904e+02
-6.415999999999993975e+01,1.076000000000001933e+02
-6.427999999999994429e+01,1.078000000000002245e+02
-6.439999999999994884e+01,1.080000000000002274e+02
-6.451999999999993918e+01,1.082000000000002160e+02
-6.463999999999992951e+01,1.084000000000002046e+02
-6.475999999999994827e+01,1.086000000000002217e+02
-6.487999999999993861e+01,1.088000000000002245e+02
-6.499999999999994316e+01,1.090000000000002132e+02
-6.511999999999997613e+01,1.092000000000002160e+02
-6.524000000000000909e+01,1.094000000000002473e+02
-6.536000000000004206e+01,1.096000000000002501e+02
-6.547999999999997556e+01,1.098000000000002245e+02
-6.560000000000003695e+01,1.100000000000002416e+02
-6.572000000000011255e+01,1.102000000000002728e+02
-6.584000000000010289e+01,1.104000000000002899e+02
-6.596000000000007901e+01,1.106000000000003070e+02
-6.608000000000006935e+01,1.108000000000002814e+02
-6.620000000000004547e+01,1.110000000000002700e+02
-6.632000000000006423e+01,1.112000000000002728e+02
-6.644000000000008299e+01,1.114000000000003041e+02
-6.656000000000007333e+01,1.116000000000003070e+02
-6.668000000000006366e+01,1.118000000000003098e+02
-6.680000000000005400e+01,1.120000000000003411e+02
-6.692000000000004434e+01,1.122000000000003439e+02
-6.704000000000006310e+01,1.124000000000003183e+02
-6.716000000000006764e+01,1.126000000000003070e+02
-6.728000000000008640e+01,1.128000000000003098e+02
-6.740000000000010516e+01,1.130000000000002842e+02
-6.752000000000010971e+01,1.132000000000002728e+02
-6.764000000000011426e+01,1.134000000000002615e+02
-6.776000000000011880e+01,1.136000000000002785e+02
-6.788000000000012335e+01,1.138000000000002672e+02
-6.800000000000011369e+01,1.140000000000002984e+02
-6.812000000000011823e+01,1.142000000000003581e+02
-6.824000000000012278e+01,1.144000000000004320e+02
-6.836000000000012733e+01,1.146000000000005059e+02
-6.848000000000011767e+01,1.148000000000005514e+02
-6.860000000000010800e+01,1.150000000000005684e+02
-6.872000000000009834e+01,1.152000000000005855e+02
-6.884000000000010289e+01,1.154000000000005741e+02
-6.896000000000010743e+01,1.156000000000005627e+02
-6.908000000000009777e+01,1.158000000000005230e+02
-6.920000000000011653e+01,1.160000000000005400e+02
-6.932000000000009265e+01,1.162000000000005571e+02
-6.944000000000011141e+01,1.164000000000006025e+02
-6.956000000000010175e+01,1.166000000000006196e+02
-6.968000000000007788e+01,1.168000000000006366e+02
-6.980000000000006821e+01,1.170000000000006679e+02
-6.992000000000005855e+01,1.172000000000006708e+02
-7.004000000000004889e+01,1.174000000000006594e+02
-7.016000000000009607e+01,1.176000000000007049e+02
-7.028000000000007219e+01,1.178000000000006793e+02
-7.040000000000006253e+01,1.180000000000006537e+02
-7.052000000000008129e+01,1.182000000000006423e+02
-7.064000000000007162e+01,1.184000000000006452e+02
-7.076000000000007617e+01,1.186000000000006764e+02
-7.088000000000005230e+01,1.188000000000006793e+02
-7.100000000000004263e+01,1.190000000000006821e+02
-7.112000000000003297e+01,1.192000000000006708e+02
-7.124000000000005173e+01,1.194000000000006878e+02
-7.136000000000004206e+01,1.196000000000006906e+02
-7.148000000000004661e+01,1.198000000000006793e+02
-7.160000000000003695e+01,1.200000000000006537e+02
-7.172000000000004150e+01,1.202000000000006708e+02
-7.184000000000003183e+01,1.204000000000006594e+02
-7.196000000000003638e+01,1.206000000000006480e+02
-7.208000000000004093e+01,1.208000000000006509e+02
-7.220000000000007390e+01,1.210000000000006963e+02
-7.232000000000007844e+01,1.212000000000006992e+02
-7.244000000000005457e+01,1.214000000000007162e+02
-7.256000000000007333e+01,1.216000000000006906e+02
-7.268000000000009209e+01,1.218000000000006935e+02
-7.280000000000006821e+01,1.220000000000007105e+02
-7.292000000000005855e+01,1.222000000000007134e+02
-7.304000000000003467e+01,1.224000000000007304e+02
-7.316000000000002501e+01,1.226000000000007333e+02
-7.328000000000004377e+01,1.228000000000007503e+02
-7.340000000000003411e+01,1.230000000000007105e+02
-7.352000000000001023e+01,1.232000000000007276e+02
-7.363999999999998636e+01,1.234000000000007162e+02
-7.375999999999994827e+01,1.236000000000007191e+02
-7.387999999999991019e+01,1.238000000000007077e+02
-7.399999999999985789e+01,1.240000000000006821e+02
-7.411999999999981981e+01,1.242000000000006565e+02
-7.423999999999976751e+01,1.244000000000006594e+02
-7.435999999999977206e+01,1.246000000000006480e+02
-7.447999999999980503e+01,1.248000000000006651e+02
-7.459999999999982379e+01,1.250000000000006679e+02
-7.471999999999987097e+01,1.252000000000006850e+02
-7.483999999999988972e+01,1.254000000000007162e+02
-7.495999999999986585e+01,1.256000000000006764e+02
-7.507999999999982776e+01,1.258000000000006366e+02
-7.519999999999990337e+01,1.260000000000006537e+02
-7.531999999999990791e+01,1.262000000000006565e+02
-7.543999999999994088e+01,1.264000000000006736e+02
-7.555999999999994543e+01,1.266000000000006622e+02
-7.567999999999994998e+01,1.268000000000006935e+02
-7.579999999999995453e+01,1.270000000000006821e+02
-7.591999999999995907e+01,1.272000000000006992e+02
-7.603999999999999204e+01,1.274000000000007162e+02
-7.616000000000001080e+01,1.276000000000007333e+02
-7.628000000000000114e+01,1.278000000000007361e+02
-7.639999999999997726e+01,1.280000000000007105e+02
-7.651999999999996760e+01,1.282000000000006423e+02
-7.663999999999997215e+01,1.284000000000006025e+02
-7.675999999999997669e+01,1.286000000000005343e+02
-7.687999999999996703e+01,1.288000000000004945e+02
-7.699999999999992895e+01,1.290000000000004547e+02
-7.711999999999993349e+01,1.292000000000004718e+02
-7.723999999999990962e+01,1.294000000000005173e+02
-7.735999999999988574e+01,1.296000000000005343e+02
-7.747999999999994714e+01,1.298000000000004945e+02
-7.759999999999996589e+01,1.300000000000004547e+02
-7.771999999999997044e+01,1.302000000000004718e+02
-7.783999999999997499e+01,1.304000000000005173e+02
-7.795999999999996533e+01,1.306000000000005912e+02
-7.807999999999995566e+01,1.308000000000005798e+02
-7.819999999999996021e+01,1.310000000000006253e+02
-7.831999999999993634e+01,1.312000000000006139e+02
-7.843999999999994088e+01,1.314000000000006310e+02
-7.855999999999994543e+01,1.316000000000006480e+02
-7.867999999999997840e+01,1.318000000000005798e+02
-7.879999999999996874e+01,1.320000000000005116e+02
-7.891999999999993065e+01,1.322000000000003865e+02
-7.903999999999992099e+01,1.324000000000003752e+02
-7.915999999999991132e+01,1.326000000000003922e+02
-7.927999999999991587e+01,1.328000000000004377e+02
-7.939999999999994884e+01,1.330000000000005116e+02
-7.951999999999996760e+01,1.332000000000005571e+02
-7.963999999999998636e+01,1.334000000000005741e+02
-7.975999999999999091e+01,1.336000000000005912e+02
-7.987999999999999545e+01,1.338000000000005798e+02
-7.999999999999998579e+01,1.340000000000005684e+02
-8.011999999999993349e+01,1.342000000000005286e+02
-8.023999999999996646e+01,1.344000000000005173e+02
-8.035999999999999943e+01,1.346000000000004775e+02
-8.047999999999998977e+01,1.348000000000004661e+02
-8.059999999999996589e+01,1.350000000000005116e+02
-8.071999999999997044e+01,1.352000000000005002e+02
-8.083999999999996078e+01,1.354000000000004889e+02
-8.095999999999995111e+01,1.356000000000005059e+02
-8.107999999999994145e+01,1.358000000000005798e+02
-8.119999999999996021e+01,1.360000000000005969e+02
-8.131999999999996476e+01,1.362000000000006139e+02
-8.143999999999999773e+01,1.364000000000005741e+02
-8.156000000000003070e+01,1.366000000000005343e+02
-8.168000000000002103e+01,1.368000000000004945e+02
-8.180000000000001137e+01,1.370000000000004547e+02
-8.191999999999998749e+01,1.372000000000004434e+02
-8.203999999999996362e+01,1.374000000000004320e+02
-8.215999999999993975e+01,1.376000000000004491e+02
-8.227999999999993008e+01,1.378000000000004661e+02
-8.239999999999996305e+01,1.380000000000004547e+02
-8.251999999999998181e+01,1.382000000000004434e+02
-8.263999999999997215e+01,1.384000000000004320e+02
-8.275999999999999091e+01,1.386000000000004775e+02
-8.287999999999998124e+01,1.388000000000005230e+02
-8.299999999999994316e+01,1.390000000000004547e+02
-8.311999999999990507e+01,1.392000000000003865e+02
-8.323999999999992383e+01,1.394000000000003752e+02
-8.335999999999992838e+01,1.396000000000004206e+02
-8.347999999999997556e+01,1.398000000000005230e+02
-8.360000000000002274e+01,1.400000000000005969e+02
-8.372000000000004150e+01,1.402000000000006139e+02
-8.384000000000006025e+01,1.404000000000005741e+02
-8.396000000000003638e+01,1.406000000000005912e+02
-8.408000000000002672e+01,1.408000000000005798e+02
-8.420000000000003126e+01,1.410000000000006253e+02
-8.432000000000003581e+01,1.412000000000006139e+02
-8.444000000000005457e+01,1.414000000000005741e+02
-8.456000000000004491e+01,1.416000000000006480e+02
-8.468000000000006366e+01,1.418000000000006651e+02
-8.480000000000009663e+01,1.420000000000006253e+02
-8.492000000000010118e+01,1.422000000000005855e+02
-8.504000000000009152e+01,1.424000000000005173e+02
-8.516000000000008185e+01,1.426000000000004491e+02
-8.528000000000008640e+01,1.428000000000004377e+02
-8.540000000000006253e+01,1.430000000000003979e+02
-8.552000000000005286e+01,1.432000000000003581e+02
-8.564000000000004320e+01,1.434000000000003467e+02
-8.576000000000007617e+01,1.436000000000003354e+02
-8.588000000000008072e+01,1.438000000000003240e+02
-8.600000000000009948e+01,1.440000000000003126e+02
-8.612000000000008981e+01,1.442000000000003013e+02
-8.624000000000009436e+01,1.444000000000003183e+02
-8.636000000000009891e+01,1.446000000000003070e+02
-8.648000000000011767e+01,1.448000000000002956e+02
-8.660000000000012221e+01,1.450000000000002842e+02
-8.672000000000009834e+01,1.452000000000003297e+02
-8.684000000000006025e+01,1.454000000000003467e+02
-8.696000000000003638e+01,1.456000000000003638e+02
-8.708000000000001251e+01,1.458000000000003809e+02
-8.720000000000000284e+01,1.460000000000004263e+02
-8.731999999999997897e+01,1.462000000000004434e+02
-8.743999999999998352e+01,1.464000000000004320e+02
-8.755999999999997385e+01,1.466000000000004206e+02
-8.767999999999994998e+01,1.468000000000003809e+02
-8.779999999999991189e+01,1.470000000000003411e+02
-8.791999999999994486e+01,1.472000000000003865e+02
-8.803999999999996362e+01,1.474000000000004036e+02
-8.815999999999999659e+01,1.476000000000003638e+02
-8.828000000000000114e+01,1.478000000000003809e+02
-8.839999999999999147e+01,1.480000000000004263e+02
-8.851999999999998181e+01,1.482000000000004718e+02
-8.863999999999998636e+01,1.484000000000005173e+02
-8.875999999999997669e+01,1.486000000000005627e+02
-8.887999999999996703e+01,1.488000000000005514e+02
-8.899999999999998579e+01,1.490000000000005684e+02
-8.912000000000003297e+01,1.492000000000005855e+02
-8.924000000000003752e+01,1.494000000000006025e+02
-8.936000000000001364e+01,1.496000000000006196e+02
-8.947999999999998977e+01,1.498000000000006366e+02
-8.959999999999998010e+01,1.500000000000006821e+02
-8.971999999999999886e+01,1.502000000000007276e+02
-8.983999999999998920e+01,1.504000000000007446e+02
-8.995999999999996533e+01,1.506000000000007901e+02
-9.007999999999994145e+01,1.508000000000007788e+02
-9.019999999999994600e+01,1.510000000000007958e+02
-9.031999999999995055e+01,1.512000000000007844e+02
-9.043999999999995509e+01,1.514000000000007731e+02
-9.055999999999995964e+01,1.516000000000007049e+02
-9.067999999999999261e+01,1.518000000000006366e+02
-9.079999999999999716e+01,1.520000000000005969e+02
-9.092000000000001592e+01,1.522000000000005855e+02
-9.104000000000003467e+01,1.524000000000006025e+02
-9.116000000000005343e+01,1.526000000000006196e+02
-9.128000000000008640e+01,1.528000000000006651e+02
-9.140000000000009095e+01,1.530000000000006821e+02
-9.152000000000010971e+01,1.532000000000007276e+02
-9.164000000000011426e+01,1.534000000000007731e+02
-9.176000000000013301e+01,1.536000000000007901e+02
-9.188000000000013756e+01,1.538000000000007219e+02
-9.200000000000011369e+01,1.540000000000007105e+02
-9.212000000000008981e+01,1.542000000000007276e+02
-9.224000000000009436e+01,1.544000000000007731e+02
-9.236000000000008470e+01,1.546000000000007617e+02
-9.248000000000007503e+01,1.548000000000008072e+02
-9.260000000000006537e+01,1.550000000000007674e+02
-9.272000000000005571e+01,1.552000000000007560e+02
-9.284000000000001762e+01,1.554000000000007162e+02
-9.295999999999997954e+01,1.556000000000006764e+02
-9.307999999999995566e+01,1.558000000000006651e+02
-9.319999999999996021e+01,1.560000000000006821e+02
-9.331999999999999318e+01,1.562000000000006992e+02
-9.344000000000001194e+01,1.564000000000007162e+02
-9.356000000000003070e+01,1.566000000000006764e+02
-9.368000000000006366e+01,1.568000000000006651e+02
-9.380000000000006821e+01,1.570000000000006537e+02
-9.392000000000005855e+01,1.572000000000006423e+02
-9.404000000000013415e+01,1.574000000000005741e+02
-9.416000000000012449e+01,1.576000000000006480e+02
-9.428000000000012903e+01,1.578000000000006935e+02
-9.440000000000010516e+01,1.580000000000006537e+02
-9.452000000000009550e+01,1.582000000000006139e+02
-9.464000000000012847e+01,1.584000000000005741e+02
-9.476000000000013301e+01,1.586000000000005627e+02
-9.488000000000009493e+01,1.588000000000005230e+02
-9.500000000000008527e+01,1.590000000000005116e+02
-9.512000000000008981e+01,1.592000000000005286e+02
-9.524000000000009436e+01,1.594000000000005457e+02
-9.536000000000005627e+01,1.596000000000004206e+02
-9.548000000000007503e+01,1.598000000000004661e+02
-9.560000000000005116e+01,1.600000000000004263e+02
-9.572000000000002728e+01,1.602000000000003865e+02
-9.584000000000003183e+01,1.604000000000004036e+02
-9.596000000000002217e+01,1.606000000000003638e+02
-9.608000000000001251e+01,1.608000000000003240e+02
-9.620000000000001705e+01,1.610000000000002558e+02
-9.632000000000002160e+01,1.612000000000002160e+02
-9.644000000000002615e+01,1.614000000000001762e+02
-9.655999999999997385e+01,1.616000000000000796e+02
-9.667999999999994998e+01,1.618000000000000398e+02
-9.679999999999991189e+01,1.619999999999999432e+02
-9.691999999999991644e+01,1.621999999999999602e+02
-9.703999999999990678e+01,1.623999999999999488e+02
-9.715999999999991132e+01,1.625999999999999659e+02
-9.727999999999990166e+01,1.627999999999999829e+02
-9.739999999999983515e+01,1.629999999999998863e+02
-9.751999999999983970e+01,1.631999999999998465e+02
-9.763999999999987267e+01,1.633999999999999204e+02
-9.775999999999990564e+01,1.636000000000000227e+02
-9.787999999999995282e+01,1.638000000000001251e+02
-9.800000000000000000e+01,1.640000000000001990e+02
-9.812000000000004718e+01,1.642000000000003013e+02
-9.824000000000008015e+01,1.644000000000004036e+02
-9.836000000000009891e+01,1.646000000000004491e+02
-9.848000000000013188e+01,1.648000000000004945e+02
-9.860000000000009379e+01,1.650000000000005400e+02
-9.872000000000005571e+01,1.652000000000005571e+02
-9.884000000000004604e+01,1.654000000000005173e+02
-9.896000000000003638e+01,1.656000000000005059e+02
-9.908000000000001251e+01,1.658000000000004661e+02
-9.919999999999997442e+01,1.660000000000004263e+02
-9.932000000000002160e+01,1.662000000000004718e+02
-9.944000000000008299e+01,1.664000000000005457e+02
-9.956000000000011596e+01,1.666000000000005912e+02
-9.968000000000014893e+01,1.668000000000006366e+02
-9.980000000000013927e+01,1.670000000000006537e+02
-9.992000000000011539e+01,1.672000000000006139e+02
-1.000400000000000915e+02,1.674000000000006025e+02
-1.001600000000001103e+02,1.676000000000006196e+02
-1.002800000000001575e+02,1.678000000000006082e+02
-1.004000000000001336e+02,1.680000000000005684e+02
-1.005200000000001239e+02,1.682000000000005855e+02
-1.006400000000001285e+02,1.684000000000006025e+02
-1.007600000000002041e+02,1.686000000000006764e+02
-1.008800000000001660e+02,1.688000000000006082e+02
-1.010000000000001705e+02,1.690000000000004832e+02
-1.011200000000000614e+02,1.692000000000005286e+02
-1.012400000000000659e+02,1.694000000000006025e+02
-1.013600000000000705e+02,1.696000000000006480e+02
-1.014800000000001319e+02,1.698000000000006366e+02
-1.016000000000001506e+02,1.700000000000006253e+02
-1.017200000000001410e+02,1.702000000000006139e+02
-1.018400000000001029e+02,1.704000000000006025e+02
-1.019600000000000364e+02,1.706000000000006196e+02
-1.020800000000000125e+02,1.708000000000005798e+02
-1.021999999999999886e+02,1.710000000000004832e+02
-1.023199999999999648e+02,1.712000000000004150e+02
-1.024399999999999551e+02,1.714000000000003467e+02
-1.025599999999999312e+02,1.716000000000002785e+02
-1.026799999999998931e+02,1.718000000000001819e+02
-1.027999999999998835e+02,1.720000000000001705e+02
-1.029199999999998738e+02,1.722000000000001592e+02
-1.030399999999998784e+02,1.724000000000001478e+02
-1.031599999999998545e+02,1.726000000000000796e+02
-1.032799999999998590e+02,1.728000000000000966e+02
-1.033999999999998636e+02,1.730000000000000853e+02
-1.035199999999998681e+02,1.731999999999999886e+02
-1.036399999999998727e+02,1.733999999999999204e+02
-1.037599999999999056e+02,1.735999999999999375e+02
-1.038799999999999386e+02,1.738000000000000114e+02
-1.039999999999999574e+02,1.740000000000001137e+02
-1.041199999999999335e+02,1.742000000000001023e+02
-1.042399999999998954e+02,1.744000000000000341e+02
-1.043599999999998715e+02,1.745999999999999659e+02
-1.044799999999998761e+02,1.747999999999999261e+02
-1.045999999999998380e+02,1.749999999999999432e+02
-1.047199999999997999e+02,1.751999999999999886e+02
-1.048399999999997760e+02,1.754000000000000057e+02
-1.049599999999997237e+02,1.755999999999998806e+02
-1.050799999999996714e+02,1.757999999999997840e+02
-1.051999999999996191e+02,1.759999999999997158e+02
-1.053199999999996237e+02,1.761999999999997613e+02
-1.054399999999996425e+02,1.763999999999998352e+02
-1.055599999999996328e+02,1.765999999999998238e+02
-1.056799999999996373e+02,1.767999999999998408e+02
-1.057999999999996845e+02,1.769999999999999432e+02
-1.059199999999997175e+02,1.772000000000000455e+02
-1.060399999999997789e+02,1.774000000000001478e+02
-1.061599999999997550e+02,1.776000000000000512e+02
-1.062799999999997169e+02,1.777999999999999545e+02
-1.063999999999996646e+02,1.779999999999998579e+02
-1.065199999999996265e+02,1.781999999999997897e+02
-1.066399999999996311e+02,1.783999999999997499e+02
-1.067599999999996641e+02,1.785999999999997954e+02
-1.068799999999996686e+02,1.787999999999998977e+02
-1.069999999999996021e+02,1.789999999999997442e+02
-1.071199999999995498e+02,1.791999999999997328e+02
-1.072399999999995259e+02,1.793999999999997499e+02
-1.073599999999995305e+02,1.795999999999997669e+02
-1.074799999999996061e+02,1.797999999999998977e+02
-1.075999999999996533e+02,1.800000000000000000e+02
-1.077199999999996436e+02,1.802000000000000455e+02
-1.078399999999996624e+02,1.804000000000000341e+02
-1.079599999999996811e+02,1.805999999999999943e+02
-1.080799999999996714e+02,1.807999999999999545e+02
-1.081999999999996760e+02,1.809999999999999432e+02
-1.083199999999996237e+02,1.811999999999999886e+02
-1.084399999999996282e+02,1.814000000000000341e+02
-1.085599999999996186e+02,1.816000000000000227e+02
-1.086799999999995947e+02,1.818000000000000114e+02
-1.087999999999995140e+02,1.819999999999999432e+02
-1.089199999999995185e+02,1.821999999999998749e+02
-1.090399999999995231e+02,1.823999999999998352e+02
-1.091599999999995134e+02,1.825999999999997669e+02
-1.092799999999995322e+02,1.827999999999997272e+02
-1.093999999999995794e+02,1.829999999999997158e+02
-1.095199999999996123e+02,1.831999999999997044e+02
-1.096399999999996311e+02,1.833999999999997499e+02
-1.097599999999996498e+02,1.835999999999997385e+02
-1.098799999999996970e+02,1.837999999999996987e+02
-1.099999999999996589e+02,1.839999999999996305e+02
-1.101199999999996351e+02,1.841999999999995339e+02
-1.102399999999996112e+02,1.843999999999995794e+02
-1.103599999999996157e+02,1.845999999999995680e+02
-1.104799999999995919e+02,1.847999999999994998e+02
-1.105999999999995964e+02,1.849999999999994884e+02
-1.107199999999996010e+02,1.851999999999994770e+02
-1.108399999999995913e+02,1.853999999999994657e+02
-1.109599999999995532e+02,1.855999999999993690e+02
-1.110799999999995293e+02,1.857999999999993292e+02
-1.111999999999995339e+02,1.859999999999993747e+02
-1.113199999999995384e+02,1.861999999999994202e+02
-1.114399999999995430e+02,1.863999999999994941e+02
-1.115599999999995191e+02,1.865999999999995111e+02
-1.116799999999994810e+02,1.867999999999994429e+02
-1.117999999999994856e+02,1.869999999999993747e+02
-1.119199999999994191e+02,1.871999999999993065e+02
-1.120399999999993810e+02,1.873999999999992383e+02
-1.121599999999993713e+02,1.875999999999991985e+02
-1.122799999999993759e+02,1.877999999999991587e+02
-1.123999999999993804e+02,1.879999999999991473e+02
-1.125199999999993707e+02,1.881999999999991360e+02
-1.126399999999993611e+02,1.883999999999991246e+02
-1.127599999999993514e+02,1.885999999999990848e+02
-1.128799999999993133e+02,1.887999999999989598e+02
-1.129999999999993463e+02,1.889999999999989768e+02
-1.131199999999993793e+02,1.891999999999989939e+02
-1.132399999999993980e+02,1.893999999999989541e+02
-1.133599999999994310e+02,1.895999999999989143e+02
-1.134799999999994640e+02,1.897999999999989313e+02
-1.135999999999994401e+02,1.899999999999988916e+02
-1.137199999999994020e+02,1.901999999999988233e+02
-1.138399999999994066e+02,1.903999999999988688e+02
-1.139599999999993827e+02,1.905999999999988859e+02
-1.140799999999994014e+02,1.907999999999990166e+02
-1.141999999999993634e+02,1.909999999999989768e+02
-1.143199999999992968e+02,1.911999999999989654e+02
-1.144399999999992730e+02,1.913999999999989541e+02
-1.145599999999992633e+02,1.915999999999988859e+02
-1.146799999999992679e+02,1.917999999999988461e+02
-1.147999999999992440e+02,1.919999999999988347e+02
-1.149199999999992343e+02,1.921999999999987949e+02
-1.150399999999992247e+02,1.923999999999987267e+02
-1.151599999999992576e+02,1.925999999999987438e+02
-1.152799999999992906e+02,1.927999999999987608e+02
-1.153999999999993378e+02,1.929999999999988347e+02
-1.155199999999993565e+02,1.931999999999988518e+02
-1.156399999999993895e+02,1.933999999999988972e+02
-1.157599999999993798e+02,1.935999999999989427e+02
-1.158799999999993844e+02,1.937999999999989882e+02
-1.159999999999993747e+02,1.939999999999989768e+02
-1.161199999999993793e+02,1.941999999999989654e+02
-1.162399999999993696e+02,1.943999999999989541e+02
-1.163599999999993457e+02,1.945999999999989427e+02
-1.164799999999992508e+02,1.947999999999987608e+02
-1.165999999999992127e+02,1.949999999999987210e+02
-1.167199999999991746e+02,1.951999999999986812e+02
-1.168399999999991081e+02,1.953999999999986130e+02
-1.169599999999990843e+02,1.955999999999985732e+02
-1.170799999999990746e+02,1.957999999999985903e+02
-1.171999999999990791e+02,1.959999999999985789e+02
-1.173199999999990553e+02,1.961999999999985675e+02
-1.174399999999991167e+02,1.963999999999986699e+02
-1.175599999999991496e+02,1.965999999999987153e+02
-1.176799999999991115e+02,1.967999999999986187e+02
-1.177999999999991019e+02,1.969999999999985789e+02
-1.179199999999990638e+02,1.971999999999984823e+02
-1.180399999999990115e+02,1.973999999999984425e+02
-1.181599999999989450e+02,1.975999999999984595e+02
-1.182799999999989495e+02,1.977999999999985050e+02
-1.183999999999989967e+02,1.979999999999985789e+02
-1.185199999999989586e+02,1.981999999999985107e+02
-1.186399999999989205e+02,1.983999999999984141e+02
-1.187599999999989393e+02,1.985999999999984311e+02
-1.188799999999989438e+02,1.987999999999983913e+02
-1.189999999999988631e+02,1.989999999999983231e+02
